title,link,price,review
더 트릭컬,https://www.aladin.co.kr/shop/wproduct.aspx?ItemId=372424198,"19,800원",10.0
절창,https://www.aladin.co.kr/shop/wproduct.aspx?ItemId=371723601,"16,200원",9.5
흔한남매 20,https://www.aladin.co.kr/shop/wproduct.aspx?ItemId=371918127,"15,120원",10.0
호의에 대하여,https://www.aladin.co.kr/shop/wproduct.aspx?ItemId=370615846,"16,920원",8.3
혼모노,https://www.aladin.co.kr/shop/wproduct.aspx?ItemId=361016676,"16,200원",8.7
렛뎀 이론,https://www.aladin.co.kr/shop/wproduct.aspx?ItemId=369493586,"18,000원",9.8
가라오케 가자!,https://www.aladin.co.kr/shop/wproduct.aspx?ItemId=292511593,"7,650원",9.6
패밀리 레스토랑 가자. 上,https://www.aladin.co.kr/shop/wproduct.aspx?ItemId=337054427,"7,650원",9.7
형이상학의 근본개념들,https://www.aladin.co.kr/shop/wproduct.aspx?ItemId=370422490,"31,500원",10.0
시대예보: 경량문명의 탄생,https://www.aladin.co.kr/shop/wproduct.aspx?ItemId=370922260,"19,800원",9.6
"2025 큰별쌤 최태성의 별★별한국사 한국사능력검정시험 심화(1, 2, 3급) 상",https://www.aladin.co.kr/shop/wproduct.aspx?ItemId=353981757,"14,850원",9.6
"2025 큰별쌤 최태성의 별★별한국사 한국사능력검정시험 심화(1, 2, 3급) 하",https://www.aladin.co.kr/shop/wproduct.aspx?ItemId=353981994,"14,400원",9.0
트렌드 코리아 2026,https://www.aladin.co.kr/shop/wproduct.aspx?ItemId=371447935,"18,000원",6.0
지박소년 하나코 군 24 (더블 특장판),https://www.aladin.co.kr/shop/wproduct.aspx?ItemId=372013611,"5,400원",10.0
"빠졌어, 너에게",https://www.aladin.co.kr/shop/wproduct.aspx?ItemId=269056986,"7,650원",9.6
양면의 조개껍데기,https://www.aladin.co.kr/shop/wproduct.aspx?ItemId=370247727,"15,750원",9.4
체인소 맨 20,https://www.aladin.co.kr/shop/wproduct.aspx?ItemId=371535926,"5,400원",8.0
팩트풀니스 (50만 부 뉴에디션),https://www.aladin.co.kr/shop/wproduct.aspx?ItemId=345384332,"21,420원",8.7
모순,https://www.aladin.co.kr/shop/wproduct.aspx?ItemId=25843736,"11,700원",9.1
데뷔 못 하면 죽는 병 걸림 4부 초판 한정 굿즈박스 세트 - 전4권,https://www.aladin.co.kr/shop/wproduct.aspx?ItemId=370359907,"116,100원",10.0
안녕이라 그랬어,https://www.aladin.co.kr/shop/wproduct.aspx?ItemId=365665217,"15,120원",9.6
소설 보다 : 가을 2025,https://www.aladin.co.kr/shop/wproduct.aspx?ItemId=372103996,"4,950원",8.5
중독은 뇌를 어떻게 바꾸는가,https://www.aladin.co.kr/shop/wproduct.aspx?ItemId=371105102,"19,800원",9.7
"2025 큰별쌤 최태성의 별★별한국사 기출 500제 한국사능력검정시험 심화 (1, 2, 3급)",https://www.aladin.co.kr/shop/wproduct.aspx?ItemId=354080547,"17,550원",10.0
위버멘쉬,https://www.aladin.co.kr/shop/wproduct.aspx?ItemId=359025448,"16,020원",9.6
박곰희 연금 부자 수업,https://www.aladin.co.kr/shop/wproduct.aspx?ItemId=366615290,"18,900원",9.7
여학교의 별 1,https://www.aladin.co.kr/shop/wproduct.aspx?ItemId=286633169,"7,650원",9.4
실패를 통과하는 일,https://www.aladin.co.kr/shop/wproduct.aspx?ItemId=370633659,"18,000원",9.6
저소비 생활,https://www.aladin.co.kr/shop/wproduct.aspx?ItemId=371178617,"17,100원",9.7
여학교의 별 2,https://www.aladin.co.kr/shop/wproduct.aspx?ItemId=293054296,"7,650원",9.8
ETF 투자의 모든 것,https://www.aladin.co.kr/shop/wproduct.aspx?ItemId=368941145,"18,900원",9.9
비트코인 없는 미래는 없다,https://www.aladin.co.kr/shop/wproduct.aspx?ItemId=371990345,"27,900원",10.0
다정한 사람이 이긴다,https://www.aladin.co.kr/shop/wproduct.aspx?ItemId=369431565,"17,100원",9.2
소년이 온다,https://www.aladin.co.kr/shop/wproduct.aspx?ItemId=40869703,"13,500원",9.6
ETS 토익 정기시험 기출문제집 1000 Vol. 4 Reading (리딩),https://www.aladin.co.kr/shop/wproduct.aspx?ItemId=330109498,"17,820원",10.0
나 혼자만 레벨업 15 (한정판),https://www.aladin.co.kr/shop/wproduct.aspx?ItemId=372549881,"51,300원",4.0
ETS 토익 정기시험 기출문제집 1000 Vol. 4 Listening (리스닝),https://www.aladin.co.kr/shop/wproduct.aspx?ItemId=330109271,"17,820원",10.0
어른의 관계를 가꾸는 100일 필사 노트,https://www.aladin.co.kr/shop/wproduct.aspx?ItemId=370131831,"18,000원",9.9
우리는 언제나 다시 만나,https://www.aladin.co.kr/shop/wproduct.aspx?ItemId=113482584,"10,800원",9.7
편안함의 습격,https://www.aladin.co.kr/shop/wproduct.aspx?ItemId=366122829,"19,800원",9.3
여학교의 별 4,https://www.aladin.co.kr/shop/wproduct.aspx?ItemId=361704320,"7,650원",9.9
이타미 준 나의 건축,https://www.aladin.co.kr/shop/wproduct.aspx?ItemId=370845525,"20,700원",9.3
여학교의 별 3,https://www.aladin.co.kr/shop/wproduct.aspx?ItemId=316732827,"7,650원",9.9
달러 자산 1억으로 평생 월급 완성하라,https://www.aladin.co.kr/shop/wproduct.aspx?ItemId=369730967,"18,900원",9.7
야구선수 임찬규 (리미티드 에디션),https://www.aladin.co.kr/shop/wproduct.aspx?ItemId=372566693,"19,800원",10.0
더 트릭컬,https://www.aladin.co.kr/shop/wproduct.aspx?ItemId=372424198,"19,800원",10.0
절창,https://www.aladin.co.kr/shop/wproduct.aspx?ItemId=371723601,"16,200원",9.5
흔한남매 20,https://www.aladin.co.kr/shop/wproduct.aspx?ItemId=371918127,"15,120원",10.0
호의에 대하여,https://www.aladin.co.kr/shop/wproduct.aspx?ItemId=370615846,"16,920원",8.3
혼모노,https://www.aladin.co.kr/shop/wproduct.aspx?ItemId=361016676,"16,200원",8.7
렛뎀 이론,https://www.aladin.co.kr/shop/wproduct.aspx?ItemId=369493586,"18,000원",9.8
가라오케 가자!,https://www.aladin.co.kr/shop/wproduct.aspx?ItemId=292511593,"7,650원",9.6
패밀리 레스토랑 가자. 上,https://www.aladin.co.kr/shop/wproduct.aspx?ItemId=337054427,"7,650원",9.7
형이상학의 근본개념들,https://www.aladin.co.kr/shop/wproduct.aspx?ItemId=370422490,"31,500원",10.0
시대예보: 경량문명의 탄생,https://www.aladin.co.kr/shop/wproduct.aspx?ItemId=370922260,"19,800원",9.6
"2025 큰별쌤 최태성의 별★별한국사 한국사능력검정시험 심화(1, 2, 3급) 상",https://www.aladin.co.kr/shop/wproduct.aspx?ItemId=353981757,"14,850원",9.6
"2025 큰별쌤 최태성의 별★별한국사 한국사능력검정시험 심화(1, 2, 3급) 하",https://www.aladin.co.kr/shop/wproduct.aspx?ItemId=353981994,"14,400원",9.0
트렌드 코리아 2026,https://www.aladin.co.kr/shop/wproduct.aspx?ItemId=371447935,"18,000원",6.0
지박소년 하나코 군 24 (더블 특장판),https://www.aladin.co.kr/shop/wproduct.aspx?ItemId=372013611,"5,400원",10.0
"빠졌어, 너에게",https://www.aladin.co.kr/shop/wproduct.aspx?ItemId=269056986,"7,650원",9.6
양면의 조개껍데기,https://www.aladin.co.kr/shop/wproduct.aspx?ItemId=370247727,"15,750원",9.4
체인소 맨 20,https://www.aladin.co.kr/shop/wproduct.aspx?ItemId=371535926,"5,400원",8.0
팩트풀니스 (50만 부 뉴에디션),https://www.aladin.co.kr/shop/wproduct.aspx?ItemId=345384332,"21,420원",8.7
모순,https://www.aladin.co.kr/shop/wproduct.aspx?ItemId=25843736,"11,700원",9.1
데뷔 못 하면 죽는 병 걸림 4부 초판 한정 굿즈박스 세트 - 전4권,https://www.aladin.co.kr/shop/wproduct.aspx?ItemId=370359907,"116,100원",10.0
안녕이라 그랬어,https://www.aladin.co.kr/shop/wproduct.aspx?ItemId=365665217,"15,120원",9.6
소설 보다 : 가을 2025,https://www.aladin.co.kr/shop/wproduct.aspx?ItemId=372103996,"4,950원",8.5
중독은 뇌를 어떻게 바꾸는가,https://www.aladin.co.kr/shop/wproduct.aspx?ItemId=371105102,"19,800원",9.7
"2025 큰별쌤 최태성의 별★별한국사 기출 500제 한국사능력검정시험 심화 (1, 2, 3급)",https://www.aladin.co.kr/shop/wproduct.aspx?ItemId=354080547,"17,550원",10.0
위버멘쉬,https://www.aladin.co.kr/shop/wproduct.aspx?ItemId=359025448,"16,020원",9.6
박곰희 연금 부자 수업,https://www.aladin.co.kr/shop/wproduct.aspx?ItemId=366615290,"18,900원",9.7
여학교의 별 1,https://www.aladin.co.kr/shop/wproduct.aspx?ItemId=286633169,"7,650원",9.4
실패를 통과하는 일,https://www.aladin.co.kr/shop/wproduct.aspx?ItemId=370633659,"18,000원",9.6
저소비 생활,https://www.aladin.co.kr/shop/wproduct.aspx?ItemId=371178617,"17,100원",9.7
여학교의 별 2,https://www.aladin.co.kr/shop/wproduct.aspx?ItemId=293054296,"7,650원",9.8
ETF 투자의 모든 것,https://www.aladin.co.kr/shop/wproduct.aspx?ItemId=368941145,"18,900원",9.9
비트코인 없는 미래는 없다,https://www.aladin.co.kr/shop/wproduct.aspx?ItemId=371990345,"27,900원",10.0
다정한 사람이 이긴다,https://www.aladin.co.kr/shop/wproduct.aspx?ItemId=369431565,"17,100원",9.2
소년이 온다,https://www.aladin.co.kr/shop/wproduct.aspx?ItemId=40869703,"13,500원",9.6
ETS 토익 정기시험 기출문제집 1000 Vol. 4 Reading (리딩),https://www.aladin.co.kr/shop/wproduct.aspx?ItemId=330109498,"17,820원",10.0
나 혼자만 레벨업 15 (한정판),https://www.aladin.co.kr/shop/wproduct.aspx?ItemId=372549881,"51,300원",4.0
ETS 토익 정기시험 기출문제집 1000 Vol. 4 Listening (리스닝),https://www.aladin.co.kr/shop/wproduct.aspx?ItemId=330109271,"17,820원",10.0
어른의 관계를 가꾸는 100일 필사 노트,https://www.aladin.co.kr/shop/wproduct.aspx?ItemId=370131831,"18,000원",9.9
우리는 언제나 다시 만나,https://www.aladin.co.kr/shop/wproduct.aspx?ItemId=113482584,"10,800원",9.7
편안함의 습격,https://www.aladin.co.kr/shop/wproduct.aspx?ItemId=366122829,"19,800원",9.3
여학교의 별 4,https://www.aladin.co.kr/shop/wproduct.aspx?ItemId=361704320,"7,650원",9.9
이타미 준 나의 건축,https://www.aladin.co.kr/shop/wproduct.aspx?ItemId=370845525,"20,700원",9.3
여학교의 별 3,https://www.aladin.co.kr/shop/wproduct.aspx?ItemId=316732827,"7,650원",9.9
달러 자산 1억으로 평생 월급 완성하라,https://www.aladin.co.kr/shop/wproduct.aspx?ItemId=369730967,"18,900원",9.7
야구선수 임찬규 (리미티드 에디션),https://www.aladin.co.kr/shop/wproduct.aspx?ItemId=372566693,"19,800원",10.0
더 트릭컬,https://www.aladin.co.kr/shop/wproduct.aspx?ItemId=372424198,"19,800원",10.0
절창,https://www.aladin.co.kr/shop/wproduct.aspx?ItemId=371723601,"16,200원",9.5
흔한남매 20,https://www.aladin.co.kr/shop/wproduct.aspx?ItemId=371918127,"15,120원",10.0
호의에 대하여,https://www.aladin.co.kr/shop/wproduct.aspx?ItemId=370615846,"16,920원",8.3
혼모노,https://www.aladin.co.kr/shop/wproduct.aspx?ItemId=361016676,"16,200원",8.7
렛뎀 이론,https://www.aladin.co.kr/shop/wproduct.aspx?ItemId=369493586,"18,000원",9.8
가라오케 가자!,https://www.aladin.co.kr/shop/wproduct.aspx?ItemId=292511593,"7,650원",9.6
패밀리 레스토랑 가자. 上,https://www.aladin.co.kr/shop/wproduct.aspx?ItemId=337054427,"7,650원",9.7
형이상학의 근본개념들,https://www.aladin.co.kr/shop/wproduct.aspx?ItemId=370422490,"31,500원",10.0
시대예보: 경량문명의 탄생,https://www.aladin.co.kr/shop/wproduct.aspx?ItemId=370922260,"19,800원",9.6
"2025 큰별쌤 최태성의 별★별한국사 한국사능력검정시험 심화(1, 2, 3급) 상",https://www.aladin.co.kr/shop/wproduct.aspx?ItemId=353981757,"14,850원",9.6
"2025 큰별쌤 최태성의 별★별한국사 한국사능력검정시험 심화(1, 2, 3급) 하",https://www.aladin.co.kr/shop/wproduct.aspx?ItemId=353981994,"14,400원",9.0
트렌드 코리아 2026,https://www.aladin.co.kr/shop/wproduct.aspx?ItemId=371447935,"18,000원",6.0
지박소년 하나코 군 24 (더블 특장판),https://www.aladin.co.kr/shop/wproduct.aspx?ItemId=372013611,"5,400원",10.0
"빠졌어, 너에게",https://www.aladin.co.kr/shop/wproduct.aspx?ItemId=269056986,"7,650원",9.6
양면의 조개껍데기,https://www.aladin.co.kr/shop/wproduct.aspx?ItemId=370247727,"15,750원",9.4
체인소 맨 20,https://www.aladin.co.kr/shop/wproduct.aspx?ItemId=371535926,"5,400원",8.0
팩트풀니스 (50만 부 뉴에디션),https://www.aladin.co.kr/shop/wproduct.aspx?ItemId=345384332,"21,420원",8.7
모순,https://www.aladin.co.kr/shop/wproduct.aspx?ItemId=25843736,"11,700원",9.1
데뷔 못 하면 죽는 병 걸림 4부 초판 한정 굿즈박스 세트 - 전4권,https://www.aladin.co.kr/shop/wproduct.aspx?ItemId=370359907,"116,100원",10.0
안녕이라 그랬어,https://www.aladin.co.kr/shop/wproduct.aspx?ItemId=365665217,"15,120원",9.6
소설 보다 : 가을 2025,https://www.aladin.co.kr/shop/wproduct.aspx?ItemId=372103996,"4,950원",8.5
중독은 뇌를 어떻게 바꾸는가,https://www.aladin.co.kr/shop/wproduct.aspx?ItemId=371105102,"19,800원",9.7
"2025 큰별쌤 최태성의 별★별한국사 기출 500제 한국사능력검정시험 심화 (1, 2, 3급)",https://www.aladin.co.kr/shop/wproduct.aspx?ItemId=354080547,"17,550원",10.0
위버멘쉬,https://www.aladin.co.kr/shop/wproduct.aspx?ItemId=359025448,"16,020원",9.6
박곰희 연금 부자 수업,https://www.aladin.co.kr/shop/wproduct.aspx?ItemId=366615290,"18,900원",9.7
여학교의 별 1,https://www.aladin.co.kr/shop/wproduct.aspx?ItemId=286633169,"7,650원",9.4
실패를 통과하는 일,https://www.aladin.co.kr/shop/wproduct.aspx?ItemId=370633659,"18,000원",9.6
저소비 생활,https://www.aladin.co.kr/shop/wproduct.aspx?ItemId=371178617,"17,100원",9.7
여학교의 별 2,https://www.aladin.co.kr/shop/wproduct.aspx?ItemId=293054296,"7,650원",9.8
ETF 투자의 모든 것,https://www.aladin.co.kr/shop/wproduct.aspx?ItemId=368941145,"18,900원",9.9
비트코인 없는 미래는 없다,https://www.aladin.co.kr/shop/wproduct.aspx?ItemId=371990345,"27,900원",10.0
다정한 사람이 이긴다,https://www.aladin.co.kr/shop/wproduct.aspx?ItemId=369431565,"17,100원",9.2
소년이 온다,https://www.aladin.co.kr/shop/wproduct.aspx?ItemId=40869703,"13,500원",9.6
ETS 토익 정기시험 기출문제집 1000 Vol. 4 Reading (리딩),https://www.aladin.co.kr/shop/wproduct.aspx?ItemId=330109498,"17,820원",10.0
나 혼자만 레벨업 15 (한정판),https://www.aladin.co.kr/shop/wproduct.aspx?ItemId=372549881,"51,300원",4.0
ETS 토익 정기시험 기출문제집 1000 Vol. 4 Listening (리스닝),https://www.aladin.co.kr/shop/wproduct.aspx?ItemId=330109271,"17,820원",10.0
어른의 관계를 가꾸는 100일 필사 노트,https://www.aladin.co.kr/shop/wproduct.aspx?ItemId=370131831,"18,000원",9.9
우리는 언제나 다시 만나,https://www.aladin.co.kr/shop/wproduct.aspx?ItemId=113482584,"10,800원",9.7
편안함의 습격,https://www.aladin.co.kr/shop/wproduct.aspx?ItemId=366122829,"19,800원",9.3
여학교의 별 4,https://www.aladin.co.kr/shop/wproduct.aspx?ItemId=361704320,"7,650원",9.9
이타미 준 나의 건축,https://www.aladin.co.kr/shop/wproduct.aspx?ItemId=370845525,"20,700원",9.3
여학교의 별 3,https://www.aladin.co.kr/shop/wproduct.aspx?ItemId=316732827,"7,650원",9.9
달러 자산 1억으로 평생 월급 완성하라,https://www.aladin.co.kr/shop/wproduct.aspx?ItemId=369730967,"18,900원",9.7
야구선수 임찬규 (리미티드 에디션),https://www.aladin.co.kr/shop/wproduct.aspx?ItemId=372566693,"19,800원",10.0
